Clover ID,Name,Price,Price Type,Price Unit,Tax Rates,Cost,Product Code,SKU,Modifier Groups,Quantity,Labels,Hidden,Non-revenue item
0YETGBFMT45J4,Jujubes,1.69,Fixed,,Rhode Island Sales Tax ,0,,41420128172,,13,,No,No
DNXYS5S1GXWKR,Bottle Cap,1.69,Fixed,,DEFAULT,0,,79200358860,,4,,No,No
N9W5ZYPKK95DJ,Charleston Chew Vanilla,1.25,Fixed,,,0,,ch071720531303,,23,,No,No
5KF7FD87Q0EMR,Sour Power Straws Blue Raspberry,0.99,Fixed,,Rhode Island Sales Tax ,0,,29126150659,,8,,No,No
AHKYA0R0E3MMP,Sugar Babies,1.39,Fixed,,Rhode Island Sales Tax ,0,,14200533107,,17,,No,No
TNETM4FZHN804,Sour Powers Straws Cotton Candy,0.99,Fixed,,Rhode Island Sales Tax ,0,,29126150307,,41,,No,No
N17EPZAP44ZC6,Charleston Chew Strawberry,1.25,Fixed,,DEFAULT,0,,71720531204,,4,,No,No
K90HFMM57A9TR,Charleston Chew Chocolatey,1.25,Fixed,,DEFAULT,0,,71720531105,,19,,No,No
1FGS9VYXQTAB4,Rocky Road,0.99,Fixed,,,0,,70602489008,,3,,No,No
SKY3M211Y3H8M,Banana Turkish Taffy,1.69,Fixed,,DEFAULT,0,,8.99E+11,,12,,No,No
KRXZ3BTBT5AY0,Razzeles,1.39,Fixed,,DEFAULT,0,,59642008288,,20,,No,No
T3AY233Z78MEW,Cow Tales,0.39,Fixed,,DEFAULT,0,,70622431025,,23,,No,No
19SVJQEZXG1ZE,Whatchamacallit,1.99,Fixed,,DEFAULT,0,,3429903,,23,,No,No
8P5P3VA22WRBM,Cow Tales,0.39,Fixed,,Rhode Island Sales Tax ,0,,70622431018,,13,,No,No
HS3SHGQ4PWYJ4,Zero King,1.99,Fixed,,DEFAULT,0,,10700804273,,8,,No,No
6C5ME3B77RZ3R,Raffello,1.99,Fixed,,DEFAULT,0,,982237,,13,,No,No
WBY0PGDWBRE1J,Smarties,1.25,Fixed,,DEFAULT,0,,11206005003,,26,,No,No
SZYA53BJ5JQ5G,Sweet Tarts Giant Chewy,1.25,Fixed,,DEFAULT,0,,79200131166,,21,,No,No
Z9K05GV42JMBE,Skybar,2.25,Fixed,,DEFAULT,0,,7.07E+11,,16,,No,No
H3Q4TEBE55H56,Chunky,1.99,Fixed,,DEFAULT,0,,99900824601,,21,,No,No
XC9217EJPYZDP,Bar None,1.25,Fixed,,DEFAULT,0,,8.60E+11,,16,,No,No
2K0MYNNQ2XX94,Fort Knox,2.49,Fixed,,DEFAULT,0,,86232319202,,9,,No,No
QTSSQSH2YAEMC,Fort Knox Unicorn,2.49,Fixed,,DEFAULT,0,,86232359741,,16,,No,No
4JE6NTP5CYM6W,Chocolate Turkish Taffy,1.69,Fixed,,DEFAULT,0,,8.99E+11,,23,,No,No
J5GZANNKP2Y06,Strawberry Turkish Taffy,1.69,Fixed,,DEFAULT,0,,8.99E+11,,23,,No,No
ACKT52S5KG4J0,Bubble Gum Cigars,0,Fixed,,DEFAULT,0,,59642003702,,18,,No,No
MD691HYXM53PC,Sugar Daddy,1.25,Fixed,,DEFAULT,0,,14200532100,,21,,No,No
2F966XASJ7R1R,Sour Flush,1.99,Fixed,,DEFAULT,0,,6.86E+11,,5,,No,No
VWGZW97S06Q96,Gobstoppers,1.25,Fixed,,DEFAULT,0,,79200230401,,23,,No,No
HXG9761RMSA6E,Twin Cherry Pop,0.39,Fixed,,DEFAULT,0,,8.72E+12,,55,,No,No
FB506CVJDYX06,Sour Ooze,1.99,Fixed,,DEFAULT,0,,6.86E+11,,9,,No,No
Q69TQ4JNN2K4T,Broadway Strawberry Rolls,1.25,Fixed,,DEFAULT,0,,86232860018,,16,,No,No
JGJGCSG5J743T,Clark Cup,1.25,Fixed,,DEFAULT,0,,41311126058,,22,,No,No
X8MQQ7WCJ8JJJ,Vanila Turkish Taffy,1.69,Fixed,,DEFAULT,0,,8.99E+11,,15,,No,No
4W1PGWV3W4PAW,Chocolate Sticks,1.39,Fixed,,DEFAULT,0,,86232312241,,21,,No,No
4W7BEFJ4FAQH8,Necco The Original Candy Wafer,1.39,Fixed,,DEFAULT,0,,30800900002,,13,,No,No
877703M546WQE,Necco The Original Chocolate Wafer,1.39,Fixed,,DEFAULT,0,,30800910001,,9,,No,No
SC73YPF52SBHY,Mallo Cup,1.25,Fixed,,DEFAULT,0,,41311121053,,18,,No,No
F034YHBQM563Y,Honees,1.29,Fixed,,DEFAULT,0,,7065042,,31,,No,No
6CYEK4DTW86KR,Life Savers Hard Candy,1.25,Fixed,,DEFAULT,0,,2243405,,25,,No,No
EQYFWJCMBVTPG,Chowards Violet,0.99,Fixed,,DEFAULT,0,,11642031017,,19,,No,No
SBGHD6RBBSJEA,Pop Rocks Watermelon,0.89,Fixed,,DEFAULT,0,,7.22E+11,,6,,No,No
4HNQ2SN5Q2NET,Pop Rocks Green Apple,0.89,Fixed,,DEFAULT,0,,7.22E+11,,4,,No,No
2Y7RF3ZMPPNFG,Pop Rocks Strawberry,0.89,Fixed,,DEFAULT,0,,7.22E+11,,2,,No,No
2FMV37ZBQB9T2,Pop Rocks Blue Razz,0.89,Fixed,,DEFAULT,0,,7.22E+11,,9,,No,No
GYK300GRTDFCC,Pop Rocks  Grape,0.89,Fixed,,DEFAULT,0,,7.22E+11,,4,,No,No
4HMPHB24NF91W,Gold Mine,1.39,Fixed,,DEFAULT,0,,7.98E+11,,17,,No,No
S5GSD38EXJB3P,Big League Chew Bubble Gum,1.99,Fixed,,DEFAULT,0,,42897660950,,4,,No,No
JWMXZK57DTVF8,Airheads Grape,0.25,Fixed,,DEFAULT,0,,73390014384,,10,,No,No
5NGNVG583EEMY,Quick Blast Spray,1.99,Fixed,,DEFAULT,0,,6.86E+11,,15,,No,No
N0A9HY2HFR310,Chick O Stick,0.49,Fixed,,DEFAULT,0,,41168631675,,10,,No,No
DKYT0NA7GX9E0,Razz Apple Fun Dip,0.25,Fixed,,DEFAULT,0,,79200009373,,9,,No,No
9P7WFFGK7D7VR,Bottle Pop,1.99,Fixed,,DEFAULT,0,,41116005954,,19,,No,No
BZ5C837C4737W,Ring Pop,0.69,Fixed,,DEFAULT,0,,41116011320,,1,,No,No
AV6X2CTBB922T,Sour Soda Pop,1.99,Fixed,,DEFAULT,0,,6.86E+11,,19,,No,No
GRRW2DZ8JE6KJ,Roll Back Truck,1.59,Fixed,,DEFAULT,0,,6.86E+11,,24,,No,No
VN0X2QPHN6EZ2,Sour Blast Spray,1.99,Fixed,,DEFAULT,0,,6.86E+11,,2,,No,No
1QVGBV3HVWDGM,Cherry Yum Fun Dip,0.25,Fixed,,DEFAULT,0,,79200005795,,16,,No,No
C750Z8474N10J,Cherry Air Head,0.25,Fixed,,DEFAULT,0,,73390002015,,7,,No,No
8B5H416TCDV42,Strawberry Air Head,0.25,Fixed,,DEFAULT,0,,73390002053,,8,,No,No
9951YAK7P619M,Orange Air Head,0.25,Fixed,,DEFAULT,0,,73390002022,,14,,No,No
E4S04G9BFW4VE,Watermelon Air Head,0.25,Fixed,,DEFAULT,0,,73390002039,,12,,No,No
NE43TYHFDPXMT,Green Apple Air Head,0.25,Fixed,,DEFAULT,0,,73390002077,,13,,No,No
XK5XW1ARPMGR8,Blue Raspberry Air Head,0.25,Fixed,,DEFAULT,0,,73390002206,,3,,No,No
7BRD6X8QKS8DJ,Mystery Air Head,0.25,Fixed,,DEFAULT,0,,73390002213,,12,,No,No
EA46Z97YFEFER,Smarties Mega Lolly,0.59,Fixed,,DEFAULT,0,,,,26,,No,No
EBZ6FMT9YNX6M,Grapehead,0.39,Fixed,,DEFAULT,0,,41420078170,,12,,No,No
B5JRDBJB4PRKA,Chewy Lemon Head,0.39,Fixed,,DEFAULT,0,,41420063008,,11,,No,No
0W2425P94W9JJ,Jaw Buster,0.39,Fixed,,DEFAULT,0,,41420014000,,,,No,No
4BF0929FR0640,Apple Head,0.39,Fixed,,DEFAULT,0,,41420117831,,8,,No,No
73XTEZABX4ETR,Mr Stache,0.99,Fixed,,DEFAULT,0,,59642745244,,2,,No,No
NA6BMJ18S70D8,Fan Pop,1.99,Fixed,,DEFAULT,0,,6.86E+11,,12,,No,No
XJ7HWFHKW4VNJ,Pirate Flash Pop,1.25,Fixed,,DEFAULT,0,,6.86E+11,,23,,No,No
KNVRT3M0Z8Y3A,Wax Lips,0.99,Fixed,,DEFAULT,0,,59642742243,,9,,No,No
5A65FEXZNNV88,Matchems,1.99,Fixed,,DEFAULT,0,,41116301001,,20,,No,No
XP3ETN33Q285J,Candy NeckLace,0.99,Fixed,,DEFAULT,0,,11206007076,,50,,No,No
H00PMZWZ49AMY,Cella,19.95,Fixed,,DEFAULT,0,,11228372121,,,,No,No
D6CK22H039N1J,Cella Cherries,4.99,Fixed,,DEFAULT,0,,11228000161,,,,No,No
JZE40REPNE4GY,Lindt Lindor Milk Chocolate Truffles,24.95,Fixed,,DEFAULT,0,,37466020761,,6,,No,No
41AF5EG6BSAZE,Baci Perugina,12.95,Fixed,,DEFAULT,0,,20182008410,,9,,No,No
4RYDWBYN1X4PG,Lindt Lindor Caramel,24.95,Fixed,,DEFAULT,0,,9542005153,,7,,No,No
7JGRY5TTWBD82,Lindt Lindor Dark Chocolate Truffles,24.95,Fixed,,DEFAULT,0,,37466020778,,5,,No,No
RR8YKJS92APY4,Cella Dark Cherries,19.95,Fixed,,DEFAULT,0,,11228721202,,,,No,No
2SS4MCAHFE0PW,Asher Chocolate,8.95,Fixed,,DEFAULT,0,,89449342100,,11,,No,No
JF0CR1V4XJ5GW,Lindt Lindor White Chocolate Truffles,24.95,Fixed,,DEFAULT,0,,37466020785,,12,,No,No
Z4W8QG2H4CY4J,Dark Chocolate Cherries,4.99,Fixed,,DEFAULT,0,,11228001601,,,,No,No
TT5KSQR9334E0,Sugar Free Dark Chocolate Bar,2.49,Fixed,,DEFAULT,0,,89449199322,,13,,No,No
XDZW0R44WZ4G4,Sugar Free Bazooka Gum,3.95,Fixed,,DEFAULT,0,,41116011801,,14,,No,No
GB165VAQSDHFE,Sugar Free Dubble Bubble Gum,2.95,Fixed,,DEFAULT,0,,59642130835,,2,,No,No
MBBY11S6G6H5M,Sugar Free Jelly Belly Gummy Bears,2.95,Fixed,,DEFAULT,0,,71567996020,,,,No,No
4YHABZZWGKMMM,Sugar Free Twizzlers,3.49,Fixed,,DEFAULT,0,,34000540105,,13,,No,No
171EA6T3Z1V8P,Sugar Free Chocolate,5.95,Fixed,,DEFAULT,0,,4.75E+12,,,,No,No
KJX9WPPD7NEJR,Sugar Free Chocolate Bar,2.95,Fixed,,DEFAULT,0,,4.75E+12,,,,No,No
T65NAAVQJT36Y,Sugar Free Ashers Assortment,9.95,Fixed,,DEFAULT,0,,89449315401,,10,,No,No
JD4EFA60VZXAW,Sugar Free Milk chocolate Bar,2.95,Fixed,,DEFAULT,0,,4.75E+12,,,,No,No
YRG35JCZJNWVY,Milk Chocolate Ice Cubes,35.95,Fixed,,DEFAULT,0,,72084013542,,1,,No,No
SKGRVM6GWEN3Y,Perugina Bottle Assorted Chocolates,5.95,Fixed,,DEFAULT,0,,8.39E+11,,4,,No,No
9EMCF91VCR2RJ,Maple blend gift box 4oz,12.95,Fixed,,DEFAULT,0,,,,7,,No,No
R74E72BYF6Z4J,Sugar Free Milk Chocolate Red Bar,0.99,Fixed,,DEFAULT,0,,4.75E+12,,12,,No,No
YXMAS61C4CW7E,Sugar Free Dark Chocolate Red Bar,0.99,Fixed,,DEFAULT,0,,4.75E+12,,11,,No,No
6GMZQ7F4M0XVE,Kane Candy Dessert Cups,4.95,Fixed,,DEFAULT,0,,8.51E+11,,,,No,No
60GN1VMKWGX7M,Sugar Free Asher Chocolate  Co.,9.95,Fixed,,DEFAULT,0,,,,10,,No,No
F3R32B60MZPMC,Sugar Free Jelly Belly Gummy Bears (cloned),2.95,Fixed,,DEFAULT,0,,,,8,,No,No
CB4QN45CMQ82J,Gummi Pizza,15.95,Per unit,48,DEFAULT,0,,8.14E+11,,,,No,No
MV09HYYE8VCZ4,Gummi Hotdogs,12.95,Per unit,60,DEFAULT,0,,8.14E+11,,,,No,No
EC3S58SEENBFA,Gummi Mini Burgers,12.95,Per unit,60,DEFAULT,0,,8.14E+11,,,,No,No
WWBWM4YZFNE5C,Charleston Chew Chocolate/24ct,19.95,Fixed,,DEFAULT,0,,71720331101,,16,,No,No
5T8779TABR3HR,Charlestown Chew Strawberry/24ct,19.95,Fixed,,DEFAULT,0,,71720331200,,11,,No,No
W0TKGCWXZWYKE,Charleston Chew Vanilla/24ct,19.95,Fixed,,DEFAULT,0,,71720331309,,2,,No,No
W9VR2HYFEC8NT,Laffy Taffy Apple,12.95,Per unit,145,DEFAULT,0,,28000721213,,8,,No,No
F9F3Z4GF4RH86,Laffy Taffay Banana,12.95,Per unit,145,DEFAULT,0,,79200563127,,6,,No,No
RE5A0BRE4VMA0,Laffy Taffy Blue Raspberry,12.95,Fixed,,DEFAULT,0,,28000617950,,2,,No,No
Q864G0V42GE10,Laffy Taffy Strawberry,12.95,Per unit,145,DEFAULT,0,,79200924317,,7,,No,No
2TJ5YRNK9QYM6,Laffy Taffy Grape,12.95,Per unit,145,DEFAULT,0,,28000660659,,10,,No,No
T4P0QJE1VH0F6,Laffy Taffy Cherry,12.95,Per unit,145,DEFAULT,0,,28000479763,,4,,No,No
VQCX74GHPASWG,Cherry Head,5.95,Per unit,24,DEFAULT,0,,41420047183,,9,,No,No
0Y3QWSQBDTFNG,Grapehead,5.95,Per unit,24,DEFAULT,0,,41420088179,,8,,No,No
CNPE220Z075CA,Chewy Lemon Head,5.95,Per unit,24,DEFAULT,0,,41420163005,,9,,No,No
F0JHB9VHW81GA,Applehead,5.95,Per unit,24,DEFAULT,0,,41420127830,,9,,No,No
AMP1KMZSNYHSJ,Jaw Busters,5.95,Per unit,24,DEFAULT,0,,41420024009,,,,No,No
FJJEA9ZN5WD18,Mystery Airheads,6.99,Per unit,36,DEFAULT,0.36,,73390001124,,6,,No,No
RMNCT29ENZN4Y,Watermelon Airheads,6.99,Per unit,36,DEFAULT,0,,73390001179,,1,,No,No
PQZ7TVT87YX3J,Airheads Grape,6.99,Per unit,36,DEFAULT,0,,73390029951,,13,,No,No
P1FMJNKP9H4XM,Greenapple Airheads,6.99,Per unit,36,DEFAULT,0,,73390001216,,3,,No,No
2X2Y71862YP4C,Orange Airheads,6.99,Per unit,36,DEFAULT,0,,73390001162,,8,,No,No
MZF5G5V5PPEW6,Cherry Airheads,6.99,Per unit,36,DEFAULT,0,,73390001155,,2,,No,No
T5XR60JQ9C2TR,Blue Raspberry Airheads,6.99,Per unit,36,DEFAULT,0,,73390001131,,5,,No,No
GNA0BMSW4V0CY,Gobstoppers,24.95,Per unit,24,DEFAULT,0,,79200230418,,,,No,No
W92ME7EK8KGTP,Tootsies Frootsie Sour Cherries,8.95,Fixed,,DEFAULT,0,,71720078587,,,,No,No
HTY9GX0ZQR0Y4,Tootsies Frootsie Grape,8.95,Per unit,360,DEFAULT,0,,71720078013,,,,No,No
7HJZ5E80J4MC6,Tootsies Frootsie Strawberry,8.95,Per unit,360,DEFAULT,0,,71720078020,,,,No,No
20V0FS0PJRHB0,Tootsies Frootsie,8.95,Per unit,360,DEFAULT,0,,71720078525,,,,No,No
B7T5C2Y5S4MH6,Tootsies Frootsie Green Apple,8.95,Per unit,360,DEFAULT,0,,71720078426,,,,No,No
DGZ5C1N3T2F2P,Tootsies Frootsie Watermelon,8.95,Per unit,360,DEFAULT,0,,71720078488,,,,No,No
1D2B81WXM7AA6,Tootsies Midgees,8.95,Per unit,360,DEFAULT,0,,71720078068,,,,No,No
SAXR47C87WX66,Tootsies Frootsie Fruit Punch,8.95,Per unit,360,DEFAULT,0,,71720078006,,,,No,No
6G53JKY93FC7C,Tootsie Frootsie Lemon Lime,8.95,Per unit,360,DEFAULT,0,,71720078556,,,,No,No
DVE9781SX9GD2,Tootsie Frootsie Blue Raspberry,8.95,Per unit,360,DEFAULT,0,,71720078433,,,,No,No
HD29MW6HHRH30,Cow Tales Carmel/36ct,12.95,Per unit,36,DEFAULT,0,,70622801019,,3,,No,No
ZYWRBPD863QX8,Airheads Strawberry,6.99,Per unit,36,DEFAULT,0,,73390001193,,3,,No,No
WW1JNAAE1MDWT,Sugar Daddy/48 Ct,9.95,Per unit,48,DEFAULT,0,,14200302208,,4,,No,No
NEWRHZTBF8FQT,Sugar Daddy Pops/24ct,24.95,Per unit,24,DEFAULT,0,,14200332106,,5,,No,No
Z6D8338H7DSQ0,Yummy Pops,5.95,Per unit,140,DEFAULT,0,,11212003185,,14,,No,No
S3W4RV4624VMC,Necco The Original Candy Waffers,24.95,Per unit,24,DEFAULT,0,,30800901009,,10,,No,No
M22HDMQM7683J,Necco The Original Chocolate Waffers,24.95,Per unit,24,DEFAULT,0,,30800911008,,10,,No,No
94BQ4DA50C8G4,Indian Salted Pumpin Seeds,10.95,Per unit,36,DEFAULT,0,,75142001307,,11,,No,No
BT14V3D9ZMHC4,Edible Satellite Wafers,19.95,Per unit,240,DEFAULT,0,,86232321007,,32,,No,No
7JHEB15AG89ZM,King Size Candy Stix,7.95,Per unit,24,DEFAULT,0,,41396090978,,17,,No,No
T69R1JKV96Y4W,Rock Candy Crystal Sticks,45.95,Per unit,60,DEFAULT,0,,11167042505,,1,,No,No
7X0M94PEQQFAG,Saf T Pops 100ct,12.95,Fixed,,DEFAULT,0,,30800000771,,8,,No,No
55MB6011E9RRG,Machine Size Gumballs/16oz,3.99,Fixed,,DEFAULT,0,,,,9,,No,No
BTP8N1HMQC1AA,Machine Size Gumballs/28oz,5.99,Fixed,,DEFAULT,0,,,,9,,No,No
SHE72N253PWBR,Big Bubble Gumballs/16oz,3.99,Fixed,,DEFAULT,0,,,,18,,No,No
6QGXY0XSPCCEY,Seedlings Gumballs,3.99,Fixed,,DEFAULT,0,,,,14,,No,No
YX4JMF6CMPWC8,Wonka Nerd Gumballs/12oz,2.59,Fixed,,DEFAULT,0,,,,15,,No,No
JVN4EWJCNKAX0,Cry Baby Sour Gum/3oz,1.99,Fixed,,DEFAULT,0,,,,18,,No,No
M91YK2D4YBHMM,Dubble Bubble Gum/7oz,2.49,Fixed,,DEFAULT,0,,,,20,,No,No
NM0ZFFFF7BB1A,Chickles Gum/12oz,2.99,Fixed,,DEFAULT,0,,,,25,,No,No
XXW6J19PRJSYY,Giant Tennis Balls Sour Gum/10oz,2.99,Fixed,,DEFAULT,0,,,,2,,No,No
NJZD4CMST04E6,Original Bazooka Bubble Gum/8oz,1.99,Fixed,,DEFAULT,0,,,,25,,No,No
D7NS7NTCYSVBC,Candy Stix/3oz,1.99,Fixed,,DEFAULT,0,,,,18,,No,No
WQ31A9BEZSPP4,Liquid Filled Wax Bottles,2.25,Fixed,,DEFAULT,0,,,,15,,No,No
ECCVKM8WQXSDA,Liquid Filled Wax Tubes,2.25,Fixed,,DEFAULT,0,,,,14,,No,No
0AYB4ATPYZXWT,Red Swedish Fish/1.6lbs,7.95,Fixed,,DEFAULT,0,,,,10,,No,No
9BPF4ZT4SE3WT,Sour Patch Kids/1.6lbs,7.95,Fixed,,DEFAULT,0,,,,8,,No,No
7N0XDDCK097R4,Sour Patch Watermelon/1.6lbs,7.95,Fixed,,DEFAULT,0,,,,9,,No,No
7TE52X169018R,Sour Cherries/1.6lbs,7.95,Fixed,,DEFAULT,0,,,,10,,No,No
0J6M7ZBJ78XX2,Sour Apples/1.6lbs,7.95,Fixed,,DEFAULT,0,,,,11,,No,No
04CXYA04HMNFE,Assorted Swedish Fish/1.6lbs,7.95,Fixed,,DEFAULT,0,,,,9,,No,No
VZKMHTD147WZT,Assorted Chupa Chups /7oz,2.25,Fixed,,DEFAULT,0,,,,24,,No,No
C3HF3ZEDW731T,Assorted Safe T Pops/20ct,2.99,Fixed,,DEFAULT,0,,,,15,,No,No
44G2ZBQTWJDSR,Charms Sweet Pops/15ct,2.99,Fixed,,DEFAULT,0,,,,13,,No,No
9D1F7NSJX0KYP,Charms Sweet And Sour Pops/15ct,2.99,Fixed,,DEFAULT,0,,,,12,,No,No
Y186DSXP2H07A,Caramel Apple Pops/15ct,2.99,Fixed,,DEFAULT,0,,,,14,,No,No
6BNEARZX6T4FC,Assorted Blow Pops,2.49,Fixed,,DEFAULT,0,,,,16,,No,No
DZDKN0QE2JKHE,Sugar Daddy Pops,2.99,Fixed,,DEFAULT,0,,,,15,,No,No
HRBAP7T7M8FS8,Miniature Tootsie Pops/30ct,1.99,Fixed,,DEFAULT,0,,,,21,,No,No
ZFR6QA06NV6NJ,Tootsie Pops/15ct,2.95,Fixed,,DEFAULT,0,,,,20,,No,No
NYN24YYHEN2TY,Soft Mint Candy/1.5lbs,5.95,Fixed,,DEFAULT,0,,,,4,,No,No
3189TTP8NFN12,Fruity Soft Puffs/1.5lbs,5.95,Fixed,,DEFAULT,0,,,,3,,No,No
XX715HX3E5B8G,Assorted Hard Mix/3lbs,9.95,Fixed,,DEFAULT,0,,2.38E+11,,1,,No,No
15N7VKFNZNRMC,Apple Sour Laces/2lbs,10.95,Fixed,,DEFAULT,0,,2.39E+11,,3,Test,No,No
MW75GPKJFTVP4,Blue Raspberry Sour Laces/2lbs,10.95,Fixed,,DEFAULT,0,,,,5,,No,No
31F91F2B1MK88,Strawberry Sour Laces/2lbs,10.95,Fixed,,DEFAULT,0,,,,7,,No,No
07327G45SV0BW,Grape Laces/2lbs,10.95,Fixed,,DEFAULT,0,,,,8,,No,No
QGTB4PQ8DR5CY,Strawberry Laces/2lbs,10.95,Fixed,,DEFAULT,0,,,,6,,No,No
4ZG8C52H9EKSG,Rainbow Laces/2lbs,10.95,Fixed,,DEFAULT,0,,,,4,,No,No
QQFJZP7SPRX2T,Licorice Laces/2lbs,10.95,Fixed,,DEFAULT,0,,,,9,,No,No
0SNDXVMGQDDW4,Mike & Ike/4.5lbs,15.95,Fixed,,DEFAULT,0,,,,6,,No,No
798RFGPW9B11G,Hot Tamales/4.5lbs,15.95,Fixed,,DEFAULT,0,,,,5,,No,No
6XJPBRP4ZZYRA,Boston Baked Beans/4.5lbs,15.95,Fixed,,DEFAULT,0,,,,3,,No,No
YPEN3RKDHNQRJ,Smarties/24ct,19.95,Fixed,,DEFAULT,0,,11206519005,,12,,No,No
WM8S03RXJDQBE,Charms Sweet & Sour Pops/48ct,8.95,Fixed,,DEFAULT,0,,14200337088,,1,,No,No
9X8M9WVPYBCP0,Charms Sweet Pops/48ct,8.95,Fixed,,DEFAULT,0,,14200337064,,9,,No,No
9YTPKMB6S7Y5W,Caramel Apple Pops/48ct,8.95,Fixed,,DEFAULT,0,,71720305010,,11,,No,No
1R28WJGNQSZ7W,Carousel Junior Gumball Machine,29.95,Fixed,,DEFAULT,0,,42897030005,,8,,No,No
1AB0QP9Y4BYYC,Carousel Petite Gumball Machine,19.95,Fixed,,DEFAULT,0,,42897033006,,9,,No,No
1SB1E22E9Z1SY,Carousel Classic Gumball Machine With Stand,79.95,Fixed,,DEFAULT,0,,42897030067,,3,,No,No
8FKTYTW44JK32,Maple Blend Gift Box/4oz,12.95,Fixed,,DEFAULT,0,,74683001005,,7,,No,No
PN5F2GH2AJB42,Its A Boy Bubble Gum Cigars,15.95,Fixed,,DEFAULT,0,,59642003757,,8,,No,No
S2DN6TKFG3WN8,Its A Boy Bubble Gum Cigars/5ct,2.49,Fixed,,DEFAULT,0,,59642003917,,7,,No,No
ZZJ6QB9YDCCNT,Its A Boy Cigars/24ct,24.95,Fixed,,DEFAULT,0,,609406005,,11,,No,No
0F4BBZ9761AY8,Its A Boy Pops,4.95,Fixed,,DEFAULT,0,,71576098531,,15,,No,No
KT23A0S142VR6,Its A Girl Bubble Gum Cigars,15.95,Fixed,,DEFAULT,0,,59642003764,,9,,No,No
32NG3ADS6ZJ0Y,Its A Girl Bubble Gum Cigars/5ct,2.49,Fixed,,DEFAULT,0,,59642003900,,2,,No,No
MGXSKB01XY5D8,Its A Girl Cigars/24ct,24.95,Fixed,,DEFAULT,0,,609407002,,7,,No,No
38E5A1EKR739R,Its A Girls Pops/9oz,4.95,Fixed,,DEFAULT,0,,71576097534,,14,,No,No
TDKCH5RNH1R2P,Chocolate Truck,2.99,Fixed,,DEFAULT,0,,7.20E+11,,16,,No,No
WXHZZR08NC4G0,Chocolate Train,2.99,Fixed,,DEFAULT,0,,7.20E+11,,13,,No,No
CZJ1Q6SZ98P4C,Peanut Butter Dino,2.99,Fixed,,DEFAULT,0,,7.20E+11,,18,,No,No
1ZJXKF9XA6Q5R,Milk And White Chocolate Doggy,2.99,Fixed,,DEFAULT,0,,7.20E+11,,20,,No,No
ENKK5S3H043BM,Milk And White Chocolate Kitty,2.99,Fixed,,DEFAULT,0,,7.20E+11,,13,,No,No
WMCAPPY6FP38T,Milk Chocolate Unicorn,2.99,Fixed,,DEFAULT,0,,7.20E+11,,32,,No,No
EM89VVY9P6844,Milk Chocolate Ballerina,2.99,Fixed,,DEFAULT,0,,7.20E+11,,3,,No,No
BCD7RNQ742NDE,Milk Chocolate Beauty Set,3.95,Fixed,,DEFAULT,0,,86232310384,,12,,No,No
416ZYKK19S1DE,Milk Chocolate Tool Set,3.95,Fixed,,DEFAULT,0,,86232310360,,3,,No,No
9C60W9MM1P368,Milk Chocolate Birthday Candles,4.95,Fixed,,DEFAULT,0,,609446001,,11,,No,No
TNBCB5ZZH5W0M,Milk Chocolate Crayons,4.95,Fixed,,DEFAULT,0,,609441006,,5,,No,No
4QQFA84JHT4W6,Mega Banknote,4.95,Fixed,,DEFAULT,0,,86232312425,,2,,No,No
RVZ4X2A0ZWG46,Milk Chocolate Cool Llamas,2.95,Fixed,,DEFAULT,0,,86232339675,,14,,No,No
FRPMH3Q16BEA0,Milk Chocolate Unicorns,2.95,Fixed,,DEFAULT,0,,86232359796,,19,,No,No
EY9MXT0F08VAJ,Milk Chocolate Music Note,2.99,Fixed,,DEFAULT,0,,7.20E+11,,33,,No,No
K1H6PDMD1W0FY,Dubble Bubble Assortment,10.95,Fixed,,DEFAULT,0,,59642917030,,1,,No,No
06NF1S6TM4Y5T,Tootsie Childs Play/3.5lbs,10.95,Fixed,,DEFAULT,0,,71720018132,,2,,No,No
AMGHS24RCCC6C,Miniature Tootsie Pops,10.95,Fixed,,DEFAULT,0,,71720007211,,1,,No,No
2FM3BS0K89KS6,Charleston Chew/120ct,9.95,Fixed,,DEFAULT,0,,71720531082,,5,,No,No
JSQNZ7N9HEM9R,Bubble Gum Baseball Bat,2.99,Fixed,,DEFAULT,0,,59642917665,,3,,No,No
3AH6E3HWHXKD2,Salt Water Taffy/14oz,7.95,Fixed,,DEFAULT,0,,8.93E+11,,8,,No,No
545B65YHDBBGJ,Fluffy Stuff Cotton Candy,1.99,Fixed,,DEFAULT,0,,14200003259,,7,,No,No
JS51EME2ZYGJJ,Efrutti Lunch Bag,1.99,Fixed,,DEFAULT,0,,8.14E+11,,18,,No,No
JVZT0S6XP6TYJ,Efrutti Movie Bag,1.99,Fixed,,DEFAULT,0,,8.14E+11,,24,,No,No
TQQMCS3K76K3R,Bubble Gum Cigars/36ct,15.95,Fixed,,DEFAULT,0,,59642303703,,8,,No,No
46EJ2K0H3Y9NG,Dorval Sour Power Straws/4 Flavors,19.95,Fixed,,DEFAULT,0,,29126153445,,3,,No,No
58V2ZVG5JFYV2,Dorval Sour Power Straws/Cotton Candy,19.95,Fixed,,DEFAULT,0,,29126153308,,2,Test,No,No
3696D1T9ZWF98,Dorval Sour Power Straws/Blue Raspberry,19.95,Fixed,,DEFAULT,0,,29126153650,,2,,No,No
E4KFD1CX8DTVA,Harry Potter Frog,3.99,Fixed,,DEFAULT,0,,,,5,,No,No
EFKK2M6RVZBCT,My Favorites Bean Machine,19.95,Fixed,,DEFAULT,0,,71570008109,,3,,No,No
9KEFPDN2T62GW,Mickey Mouse Bean Machine,24.95,Fixed,,DEFAULT,0,,71567995733,,4,,No,No
3KX11CYKRKKZ2,Minnie Mouse Bean Machine,24.95,Fixed,,DEFAULT,0,,71570004675,,1,,No,No
7Y7MGH74DERDW,Petite Jelly Belly Machine,9.95,Fixed,,DEFAULT,0,,71570008093,,6,,No,No
WAQCWQVKPEWBG,Harry Potter Magical Sweets,2.49,Fixed,,DEFAULT,0,,71570011529,,9,,No,No
A1KC0VXR48C0Y,Harry Potter Gummi Creatures,1.99,Fixed,,DEFAULT,0,,71570008567,,6,,No,No
HTM7KW65SHCP4,Teaberry Gum,0.79,Fixed,,DEFAULT,0,,86232910607,,7,,No,No
ZHGFD27ADP2PP,Clove Gum,0.79,Fixed,,DEFAULT,0,,86232910140,,16,,No,No
HGM86KKZYNJ7P,BlackJack Gum,0.79,Fixed,,DEFAULT,0,,86232910102,,1,,No,No
XKTXXSPXW4VAC,Beemans Gum,0.79,Fixed,,DEFAULT,0,,86232910126,,7,,No,No
A27AJ4PZMB9J6,Chocolate Coin,2.99,Fixed,,DEFAULT,0,,86232310230,,16,,No,No
E8SYZJ060PGGY,Harry Potter Beanie Botts,1.99,Fixed,,DEFAULT,0,,71567992015,,13,,No,No
Z2YBHX4VZJ020,Harry Potter London To Hogwarts,3.95,Fixed,,DEFAULT,0,,71570011505,,13,,No,No
MVDT446QFF2V4,Smiley Chocolate Pop,1.49,Fixed,,DEFAULT,0,,609461004,,2,,No,No
8090NSK6X9Y28,Chocolate Covered Cherry,0.3,Fixed,,DEFAULT,0,,1122855,,15,,No,No
3JTFTHZPWFE3P,Ice Cubes,0.49,Fixed,,DEFAULT,0,,7208461,,50,,No,No
2TJ6R5NGD4TF2,Bean Boozled,1.99,Fixed,,DEFAULT,0,,71567988612,,10,,No,No
KTECGPZ9X1SCC,Bean Boozled/4.25oz,7.95,Fixed,,DEFAULT,0,,71570009922,,13,,No,No
84JGBTE5R50CA,Harry Potter Wand,10.95,Fixed,,DEFAULT,0,,71570008406,,2,,No,No
CBX5R6YSFNZ4R,Jelly Belly 20 Flavor Assortment,9.95,Fixed,,DEFAULT,0,,71567980098,,3,,No,No
MNEJ5SJVAH276,Jelly Belly 2 Pound Assortment,29.95,Fixed,,DEFAULT,0,,71570008055,,5,,No,No
R7CZGMDA94Z96,Jelly Belly 1 Pound Assortment,15.95,Fixed,,DEFAULT,0,,71570008062,,2,Test,No,No
YXQ9HE1K6W05E,Jelly Belly 40 Flavor Assortment,16.95,Fixed,,DEFAULT,0,,71567980111,,6,,No,No
X3TC70RR5YKAT,Chocolate Rose,3.99,Fixed,,DEFAULT,0,,609600007,,14,,No,No
47G6YY1Y3Q950,Small Chocolate Rose,1.99,Fixed,,DEFAULT,0,,609243051,,33,,No,No
VNYW6X1N7RMD0,Pixy Stix,0.69,Fixed,,DEFAULT,0,,79200638832,,63,,No,No
MCZBZ2FPBPRM4,Football Tin,12.95,Fixed,,DEFAULT,0,,,,3,,No,No
XGYPHDWM5TBHC,Soccer Tin,12.95,Fixed,,DEFAULT,0,,,,1,,No,No
SP5YTB8M0ETAW,Happy Anniversary Chocolate Bar,9.95,Fixed,,DEFAULT,0,,,,1,,No,No
SKVS8C9T1C85W,Get Well Chocolate Bar,9.95,Fixed,,DEFAULT,0,,,,9,,No,No
EHCEMVHG1WNK2,Happy Birthday Box,19.95,Fixed,,DEFAULT,0,,,,2,,No,No
GATE1G2GBZN44,Worlds Best Mother Chocolate,9.95,Fixed,,DEFAULT,0,,,,7,,No,No
JGV0DBTMYANVY,Im The Coach Chocolate,8.95,Fixed,,DEFAULT,0,,,,3,,No,No
E83GGPVJ0EQGJ,World Class Coach Chocolate,9.95,Fixed,,DEFAULT,0,,,,5,,No,No
2JGXDMXH5S402,World Class Athlete Chocolate,9.95,Fixed,,DEFAULT,0,,,,3,,No,No
14ES7EZSV97N4,The Golden Music Award Chocolate,8.95,Fixed,,DEFAULT,0,,,,3,,No,No
3PB4PTW2Z3GAJ,World Class Doctor Chocolate,9.95,Fixed,,DEFAULT,0,,,,7,,No,No
F915ZVW95055T,Milk Chocolate Coffee Cup,8.95,Fixed,,DEFAULT,0,,,,1,,No,No
6J5NDRG351MPA,Chocolate Light Bulb,7.95,Fixed,,DEFAULT,0,,,,1,,No,No
TMA7VYBNGERP6,Chocolate Boxing Gloves,10.95,Fixed,,DEFAULT,0,,,,1,,No,No
3PBZB7FK02PVW,Assorted B-B Bats,2.99,Fixed,,DEFAULT,0,,,,20,Test,No,No
9T3QA2CEE06TR,Box Of Beauty Pops/750ct,19.95,Fixed,,DEFAULT,0,,,,4,,No,No
2HR49YATWS2JJ,Strawberry Banana Gummy Bears/2lbs,10.95,Fixed,,DEFAULT,0,,,,8,,No,No
3XGWHB1F5PYRY,Blue Raspberry Gummy Bears/2lbs,10.95,Fixed,,DEFAULT,0,,,,2,,No,No
WYRAVHCP1RWTJ,Banana Gummy Bears/2lbs,10.95,Fixed,,DEFAULT,0,,,,9,,No,No
G9VW60KWWGAXR,Grape Gummy Bears/2lbs,10.95,Fixed,,DEFAULT,0,,,,3,,No,No
5QMWRYP725QV6,Orange Gummy Bears/2lbs,10.95,Fixed,,DEFAULT,0,,,,7,,No,No
9MF6E5R843B7E,Green Apple Gummy Bears/2lbs,10.95,Fixed,,DEFAULT,0,,,,9,,No,No
566SYRZR1ZP20,Pineapple Gummy Bears/2lbs,10.95,Fixed,,DEFAULT,0,,,,5,,No,No
DAXRGE1T6F93P,Watermelon Gummy Bears/2lbs,10.95,Fixed,,DEFAULT,0,,,,4,,No,No
KS6GHX32RRXFR,Mango Gummy Bears,10.95,Fixed,,DEFAULT,0,,,,6,,No,No
XZFJXV7ZEDQS0,Madaline Chocolate Cigars,24.95,Fixed,,DEFAULT,0,,,,8,,No,No
56A7EMC980TZY,Baby Girl Box,16.95,Fixed,,DEFAULT,0,,,,3,,No,No
44QNSZ6JQN6X8,Baby Boy Box,16.95,Fixed,,DEFAULT,0,,,,3,,No,No
JXK470JW5XTKM,Jelly Belly Jelly Beans/16oz,9.95,Fixed,,DEFAULT,0,,,,16,,No,No
ZM5N1DARK4EQT,Pectin Spice Jelly Beans/12oz,2.99,Fixed,,DEFAULT,0,,,,40,,No,No
YYXA62F574A5W,Pectin Assorted Fruit Jelly Beans/4.5lbs,15.95,Fixed,,DEFAULT,0,,,,40,,No,No
DRJ5NMDSZ0DA0,Pectin Licorice Jelly Beans/4.5lbs,15.95,Fixed,,DEFAULT,0,,,,5,,No,No
QTNPSFXJAZP82,Pectin Licorice Jelly Beans/12oz,2.99,Fixed,,DEFAULT,0,,,,29,,No,No
09DS6Y4HZ0KD8,Rock Candy 3 Pack,1.69,Fixed,,DEFAULT,0,,,,100,,No,No
CSGR8YNANKCG4,Shuckin Basket,19.95,Fixed,,DEFAULT,0,,,,3,,No,No
Q8PZYPGV7ZJ4P,Beer Mug Filled With Root Beer Barrels,8.95,Fixed,,DEFAULT,0,,,,4,,No,No
0GC8620WGXMZ6,Beer Mug Filled With Cheddar Ale Mix,7.95,Fixed,,DEFAULT,0,,,,3,,No,No
WMSDD4MSNKM1T,Casino Fun Box,25.95,Fixed,,DEFAULT,0,,,,2,,No,No
2RFKHB39KSE8W,Jaw Breaker/Large,1.99,Fixed,,DEFAULT,0,,,,11,,No,No
PS36KV2PA0TCW,Pure Maple Butter,12.95,Fixed,,DEFAULT,0,,,,3,,No,No
DM2FZ43XQEMN2,Pure Maple Fancies 3/4oz,2.69,Fixed,,DEFAULT,0,,,,9,,No,No
11RKXHYT1K91T,Pure Maple Fancie & Leaf/1.5oz,4.95,Fixed,,DEFAULT,0,,,,2,,No,No
TWQT4JVY080TT,Pure Maple Gift Box/8oz,24.95,Fixed,,DEFAULT,0,,,,7,,No,No
9CTYXH6RJH5C2,Pure Maple Nips,2.29,Fixed,,DEFAULT,0,,,,19,,No,No
5TBB2V73X930T,Pure Maple Hard Candy/6oz,5.95,Fixed,,DEFAULT,0,,,,4,,No,No
F32JRCTSZ9AD4,Lobster Pops,2.25,Fixed,,DEFAULT,0,,,,22,,No,No
7R30YEN0CYHKT,Beauty Kit Basket,29.95,Fixed,,DEFAULT,0,,,,,,No,No
8VNT3RZD1YY60,Worth A Million Basket,29.95,Fixed,,DEFAULT,0,,,,2,,No,No
2AEXB3JVYRQMC,Milk Chocolate Playing Cards/10ct,4.95,Fixed,,DEFAULT,0,,,,14,,No,No
R9MXZHGK2FTT4,Milk Chocolate Sea Shells/8oz,5.95,Fixed,,DEFAULT,0,,,,10,,No,No
Y9GZRQMXANXF2,Candy Coated Choco Rocks,4.95,Fixed,,DEFAULT,0,,,,14,,No,No
5HCYSD6ECX6PW,Koppers Rocks & Boulders/8oz,6.95,Fixed,,DEFAULT,0,,75720481279,,4,,No,No
12BT0B8KW3NE2,Milk Chocolate Casino Chips,7.95,Fixed,,DEFAULT,0,,,,15,,No,No
6BKTAGQTYQNAJ,Gourmet Milk Chocolate Pennies,7.95,Fixed,,DEFAULT,0,,,,6,,No,No
4FAJ10ZJWRGFC,Milk Chocolate Fort Knox Pirates Loot/8oz,0.06,Fixed,,DEFAULT,0,,,,13,,No,No
Q4QBMDDNQSMGW,Milk Chocolate Baseballs,6.95,Fixed,,DEFAULT,0,,,,11,,No,No
WV1DB9NYMX3H2,Milk Chocolate Soccer Balls,6.95,Fixed,,DEFAULT,0,,,,15,,No,No
6DX3R5PW18H48,Milk Chocolate Baskerballs/8oz,6.95,Fixed,,DEFAULT,0,,,,8,,No,No
2F5C0KR2EBCZ8,Milk Chocolate Golfballs/8oz,6.95,Fixed,,DEFAULT,0,,,,17,,No,No
BHHN1G18RNMFG,Milk Chocolate Footballs/8oz,6.95,Fixed,,DEFAULT,0,,,,16,,No,No
M7F65YK771282,Milk Chocolate Gold Stars/8oz,6.95,Fixed,,DEFAULT,0,,,,14695,,No,No
ED2SQQDYKEX44,Milk Chocolate Silver Stars/8oz,6.95,Fixed,,DEFAULT,0,,,,10,,No,No
AYWH547K3FP9M,Milk Chocolate Solid Domes,6.95,Fixed,,DEFAULT,0,,,,12,,No,No
S4C8H5DJR4YM0,Dark Chocolate Solid Domes,6.95,Fixed,,DEFAULT,0,,,,13,,No,No
8C55DYGDJNER6,Dark Chocolate Hearts/8oz,6.95,Fixed,,DEFAULT,0,,,,16,,No,No
1WHRA57DF2KJ0,Milk Chocolate Gold Hearts,6.95,Fixed,,DEFAULT,0,,,,9,,No,No
W345HDCYVPFZW,Milk Chocolate Red Hearts,6.95,Fixed,,DEFAULT,0,,,,12,,No,No
8XCE61CCCM5ZE,Milk Chocolate Silver Hearts,6.95,Fixed,,DEFAULT,0,,,,16,,No,No
J49KSSQCAWEN2,Milk Chocolate Pink Hearts/8oz,6.95,Fixed,,DEFAULT,0,,,,10,,No,No
SV400W0DQ6QBY,Milk Chocolate Blue Hearts/8oz,6.95,Fixed,,DEFAULT,0,,,,6,,No,No
XQNA60A3N3QG0,Milk Chocolate Black Hearts/8oz,6.95,Fixed,,DEFAULT,0,,,,14,,No,No
TJHAPP9VW99NM,Imported Pistachios/2lbs,39.95,Fixed,,DEFAULT,0,,,,6,,No,No
MQ740AD83M31Y,California Pistachios,26.95,Fixed,,DEFAULT,0,,,,6,Test,No,No
ATXSX45KARVFC,Test,2,Fixed,,DEFAULT,0,,4567889,,1,Test|Dessert,No,No
